id,first_name,last_name,email,gender,ip_address
1,Alfi,Stopper,astopper0@altervista.org,Male,130.27.38.203
2,Eduard,Clarkson,eclarkson1@dedecms.com,Female,57.112.158.46
3,Helenelizabeth,Bracknall,hbracknall2@booking.com,Female,250.161.66.98
4,Tomasina,Greenstead,tgreenstead3@devhub.com,Male,85.150.100.94
5,Haze,Keesman,hkeesman4@wired.com,Male,58.227.181.190
6,Lynne,Atkyns,latkyns5@statcounter.com,Female,108.197.34.217
7,Ilene,Romaine,iromaine6@privacy.gov.au,Female,119.87.138.64
8,Payton,Wrefford,pwrefford7@ucsd.edu,Male,75.177.168.205
9,Neall,Kures,nkures8@bloglovin.com,Male,192.31.254.98
10,Gilberta,Dummer,gdummer9@amazonaws.com,Male,171.99.102.235
11,Bernie,Kall,bkalla@flavors.me,Female,18.195.58.45
12,Mahala,Garr,mgarrb@wikia.com,Male,104.151.131.114
13,Hubie,East,heastc@dell.com,Male,27.44.12.220
14,Hillard,Yuryichev,hyuryichevd@shop-pro.jp,Polygender,10.254.125.105
15,Katharina,Castagne,kcastagnee@csmonitor.com,Female,43.225.192.235
16,Arny,Benazet,abenazetf@oakley.com,Female,244.42.124.164
17,Aurie,McTaggart,amctaggartg@comcast.net,Female,102.240.160.139
18,Reiko,Sitlinton,rsitlintonh@adobe.com,Female,170.28.101.169
19,Melody,Wrathmall,mwrathmalli@1688.com,Male,15.38.87.82
20,Elisabet,Venart,evenartj@typepad.com,Male,184.135.251.218
